SNP	P_GWAS
rs10752747	1.64e-5
rs3748816	4.93e-7
rs12138909	1.757e-4
rs3890745	8.16e-7
rs4648356	1.13e-6
rs2377041	4.57e-5
rs6680471	2.474e-4
rs12122754	4.94e-6
rs12567266	1.091e-4
rs16839450	2.5e-6
rs12727642	3.06e-5
rs7539255	1.713e-4
rs616519	4.582e-4
rs976881	1.58e-5
rs12731666	1.141e-4
rs6679088	1.36e-5
rs3010928	1.61e-5
rs6692220	2.722e-4
rs533808	2.694e-4
rs195712	8.3e-5
rs196432	8.81e-5
rs10903118	2.422e-4
rs1609996	1.449e-4
rs10903122	3.21e-5
rs2297682	3.259e-4
rs2927970	1.635e-4
rs2317948	3.496e-4
rs1544909	4.089e-4
rs6684553	7.28e-5
rs530095	1.502e-4
rs713567	2.459e-4
rs12081664	1.36e-5
rs10489912	2.98e-5
rs6691768	2.63e-5
rs783435	2.581e-4
rs699260	2.608e-4
rs6662771	2.624e-4
rs11208946	4.304e-4
rs4553158	2.227e-4
rs10789220	3.947e-4
rs7520634	1.452e-4
rs6687620	2.588e-4
rs35438037	3.08e-5
rs12407088	4.753e-4
rs10922863	7.73e-5
rs12028899	3.848e-4
rs2094219	4.66e-5
rs5025055	3.322e-4
rs1926261	2.089e-4
rs17131536	3.18e-4
rs2279455	4.181e-4
rs12086216	5.94e-6
rs12089733	2.72e-5
rs2055242	3.91e-5
rs12757668	2.828e-4
rs12724997	1.431e-4
rs12057334	1.23e-5
rs17021444	4.63e-6
rs17021491	6.45e-5
rs11488075	1.669e-4
rs12132140	2.679e-4
rs856135	4.112e-4
rs12094741	3.89e-5
rs856055	3.17e-4
rs1772415	3.15e-5
rs1772408	9.69e-5
rs2501351	3.66e-4
rs680083	5.27e-5
rs1061511	4.18e-5
rs2820421	2.832e-4
rs10752637	1.068e-4
rs7513382	4.13e-4
rs6688100	4.771e-4
rs11811107	1.433e-4
rs1021621	2.79e-4
rs7522390	3.996e-4
rs2949666	4.378e-4
rs1917534	4.914e-4
rs864537	1.01e-7
rs2056626	9.93e-7
rs7523907	5.68e-5
rs1723015	4.887e-4
rs10798176	3.337e-4
rs859637	8.15e-5
rs10912477	3.332e-4
rs2274229	2.985e-4
rs2274065	9.73e-5
rs10801122	7.85e-7
rs7530193	5.02e-6
rs10754013	1.31e-7
rs1323299	3.05e-6
rs2760520	5.27e-5
rs6684404	7.18e-10
rs2816316	1.45e-12
rs2760530	5e-5
rs1323292	4.02e-9
rs2984920	8.68e-9
rs7522462	1.549e-4
rs296547	6.46e-5
rs2050786	2.571e-4
rs10864237	2.018e-4
rs10746361	2.458e-4
rs635530	4.046e-4
rs10924249	2.513e-4
rs12041565	3.5e-5
rs11682428	1.597e-4
rs11687591	2.594e-4
rs2940790	1.127e-4
rs1355208	2.91e-5
rs1396836	1.812e-4
rs3754573	4.594e-4
rs3754570	3.63e-4
rs1177209	5.29e-5
rs842639	1.04e-6
rs842647	4.4e-7
rs7604989	3.487e-4
rs3732179	1.15e-7
rs6726160	1.28e-5
rs12713430	2.42e-6
rs6706689	2.4e-6
rs4643526	2.532e-4
rs13003464	4.92e-8
rs10188217	2.56e-7
rs10195800	3.599e-4
rs10181042	2.45e-5
rs2564114	2.19e-6
rs10207939	2.75e-5
rs1177269	2.16e-5
rs1177279	3.251e-4
rs1729657	2.12e-5
rs1177298	2.73e-5
rs1177299	3.428e-4
rs1729672	3.52e-5
rs1177265	1.373e-4
rs1177285	2.063e-4
rs1177289	1.509e-4
rs1177274	2.658e-4
rs1729674	1.101e-4
rs1729662	3.349e-4
rs1615070	2.505e-4
rs777589	0.00044270000000000003
rs4671402	1.134e-4
rs2694633	2e-6
rs4672441	1.67e-6
rs2421203	3.341e-4
rs6545883	3.98e-5
rs11887205	6.72e-5
rs778757	1.059e-4
rs2441381	5.02e-5
rs7574631	5.86e-5
rs9679654	9.73e-7
rs10195376	1.99e-4
rs12613627	1.017e-4
rs7595717	6.89e-5
rs17035378	1.34e-5
rs3816281	2.85e-5
rs10496164	2.95e-5
rs17700606	8.04e-5
rs2861079	3.221e-4
rs2033751	1.053e-4
rs12469892	4.87e-6
rs951774	1.87e-5
rs4399750	1.06e-5
rs11685424	2.36e-5
rs1420101	3.118e-4
rs1921622	5.55e-5
rs13015714	3.26e-13
rs4851004	3.891e-4
rs2287033	4.309e-4
rs1420094	4.133e-4
rs2272128	1.67e-10
rs2310300	4.908e-4
rs11465730	2.73e-6
rs917997	5.97e-15
rs1468791	1.67e-11
rs13018263	3.581e-4
rs759382	2.42e-9
rs1523198	2.44e-5
rs1403548	7.84e-5
rs6543150	3.46e-5
rs6543154	3.68e-5
rs6543155	3.42e-5
rs11123934	3.21e-5
rs12987295	2.47e-5
rs4851600	1.79e-5
rs6728288	2.75e-5
rs6741235	2.55e-5
rs2075191	2.28e-5
rs2075189	2.34e-5
rs4851017	6.69e-5
rs4851605	2.63e-5
rs13019784	8.73e-9
rs6708949	1.81e-8
rs4851607	1.827e-4
rs4851608	1.08e-4
rs4851609	1.95e-8
rs4851610	5.47e-7
rs1523204	1.703e-4
rs1403551	1.68e-8
rs4851613	1.32e-8
rs6750851	1.59e-8
rs6750971	1.65e-8
rs4851614	1.635e-4
rs1357471	1.505e-4
rs2015478	1.494e-4
rs1005043	1.278e-4
rs4851615	1.728e-4
rs741285	4.59e-5
rs1014286	1.174e-4
rs2008159	1.276e-4
rs2008157	1.109e-4
rs6737119	1.097e-4
rs6761291	8.59e-5
rs10193009	1.341e-4
rs2005881	1.75e-9
rs4851619	1.75e-8
rs1861229	2.541e-4
rs1016160	5.87e-7
rs4140836	3.496e-4
rs932206	1.062e-4
rs11904825	1.316e-4
rs1003743	1.056e-4
rs1429248	9.94e-5
rs10497527	3.179e-4
rs4638755	6.43e-5
rs10205700	3.649e-4
rs908733	1.05e-7
rs6433894	3.04e-7
rs13010713	2.02e-8
rs1018326	3.78e-9
rs12620692	2.08e-7
rs6734603	1.35e-5
rs7600236	7.96e-6
rs4667121	8.88e-7
rs4666719	5.21e-6
rs4441427	6.24e-6
rs10200577	7.15e-5
rs16867384	5.93e-5
rs7564976	3.183e-4
rs7557202	3.03e-4
rs959382	2.697e-4
rs10497579	3.005e-4
rs6738544	3.787e-4
rs4555370	2.923e-4
rs1551443	2.025e-4
rs231804	3.355e-4
rs2162610	1.31e-6
rs11890284	1.036e-4
rs6414164	2.29e-5
rs4675374	8.8e-8
rs4675377	1.29e-6
rs1365831	4.876e-4
rs2894610	1.696e-4
rs16822633	5.36e-5
rs1874972	3.289e-4
rs1391958	1.484e-4
rs1499064	4.862e-4
rs9811958	2.363e-4
rs9846242	5.77e-5
rs12637706	5.27e-5
rs7648073	6.78e-5
rs1021701	2.492e-4
rs4858692	3.066e-4
rs1603995	4.8e-4
rs6783860	4.795e-4
rs12490899	1.241e-4
rs636006	2.842e-4
rs655754	6.64e-5
rs13314993	6.87e-6
rs12167	6.3e-5
rs2844363	1.385e-4
rs11129819	5.16e-5
rs11710546	3.33e-5
rs1050592	1.9e-5
rs3732379	4.68e-5
rs9871790	1.15e-5
rs17213127	1.116e-4
rs7652331	1.529e-4
rs13069079	5.36e-5
rs17214952	1.28e-6
rs2133660	1.163e-4
rs1873001	3.45e-5
rs17330872	1.01e-6
rs13074382	1.09e-6
rs13097556	8.47e-7
rs7642229	5.3e-8
rs9825081	6.88e-6
rs6774742	4.97e-5
rs7631551	3.94e-11
rs13098911	2.53e-11
rs13096142	7.96e-7
rs11711054	1.5e-6
rs6441961	4.82e-9
rs13070740	1.24e-7
rs2139634	1.246e-4
rs10514713	1.381e-4
rs13093282	3.25e-7
rs11713015	3.935e-4
rs7648827	5.58e-8
rs1879325	6.9e-5
rs1405331	2.419e-4
rs11919532	4.001e-4
rs6806528	4.85e-5
rs4075188	6.63e-5
rs7611476	8.27e-5
rs9848178	4.93e-5
rs6549595	2.19e-4
rs6776512	1.392e-4
rs7430250	4.1e-4
rs4677399	1.428e-4
rs13081814	2.79e-6
rs13100170	3.723e-4
rs9815275	2.792e-4
rs828618	1.268e-4
rs4682103	1.57e-5
rs9842650	2.04e-5
rs2399422	3.989e-4
rs1550305	4.802e-4
rs2029034	1.277e-4
rs4279094	4.499e-4
rs11712165	5.4e-7
rs3755579	2.95e-5
rs1599796	7.82e-6
rs10934493	2.395e-4
rs2629396	2.082e-4
rs2717220	1.581e-4
rs4679166	4.06e-5
rs11708531	4.27e-4
rs9289471	4.137e-4
rs2573182	1.482e-4
rs17799480	4.884e-4
rs4680514	4.186e-4
rs3863075	2.48e-5
rs7636819	1.65e-5
rs6441276	1.95e-6
rs1675497	1.654e-4
rs3773786	3.981e-4
rs1353248	4.88e-7
rs9872563	1.774e-4
rs7631387	1.28e-5
rs6792701	3.66e-7
rs6799788	2.827e-4
rs9819226	4.6e-10
rs550662	3.44e-6
rs17810546	4.56e-18
rs10513548	6.52e-5
rs649852	4.66e-6
rs524599	6.05e-11
rs7642216	6.13e-11
rs7610160	1.44e-7
rs1014486	2.47e-7
rs540722	2.674e-4
rs9811792	1.04e-11
rs755004	1.32e-8
rs11709882	1.685e-4
rs11921535	4.566e-4
rs11720467	4.808e-4
rs4955669	2.441e-4
rs10936590	3.815e-4
rs1421018	2.035e-4
rs1997397	7.75e-5
rs10936592	6.75e-5
rs11718668	2.8e-5
rs1881984	3.43e-5
rs10936599	2.99e-7
rs1997392	1.2e-5
rs6793295	1.69e-5
rs9878797	2.101e-4
rs10936603	9.05e-7
rs3732451	2.099e-4
rs16854453	5.82e-5
rs9290375	1.924e-4
rs1920116	1.595e-4
rs6804761	4.121e-4
rs4894432	2.584e-4
rs6762743	3.054e-4
rs9290678	3.617e-4
rs2103022	1.203e-4
rs9865818	1.18e-15
rs7629708	9.07e-8
rs13073738	4.97e-5
rs6790359	9.73e-10
rs9851967	1.46e-22
rs13076312	6.33e-22
rs1464510	9.49e-24
rs13091753	2.38e-16
rs1559810	1.33e-20
rs9880787	1.665e-4
rs2222017	4.498e-4
rs870142	1.543e-4
rs3774867	2.45e-5
rs10937762	2.348e-4
rs321622	3.067e-4
rs17470528	2.43e-5
rs7658300	3.16e-4
rs4596322	2.409e-4
rs1948223	2.101e-4
rs1997179	4.33e-11
rs13132933	7.85e-12
rs3108396	2.47e-4
rs11938795	6.4e-12
rs4374642	3.56e-6
rs13151961	6.31e-18
rs13114358	3.4e-8
rs4288027	2.55e-6
rs13119723	3.05e-16
rs11734090	7.18e-12
rs6851362	4.1e-8
rs7678445	1.95e-6
rs7684187	2.42e-10
rs11575812	1.1e-7
rs6848139	7.42e-6
rs12642902	3.18e-8
rs6835745	5.08e-5
rs2893008	3.27e-5
rs6840978	4.02e-14
rs1022234	1.566e-4
rs308443	1.76e-4
rs10517681	4.596e-4
rs12651422	4.036e-4
rs13123963	3.715e-4
rs6822278	3.224e-4
rs7732991	2.79e-5
rs12152749	1.275e-4
rs159566	2.168e-4
rs1020388	7.23e-5
rs9326958	2.939e-4
rs2416344	3.566e-4
rs13189284	1.588e-4
rs11741137	2.062e-4
rs2069885	1.036e-4
rs11741807	4.454e-4
rs3806839	1.063e-4
rs9324871	1.11e-5
rs2961693	3.7e-5
rs249660	3.276e-4
rs3828599	9.39e-5
rs10515644	3.198e-4
rs1862362	1.093e-4
rs951224	8.22e-5
rs990995	3.057e-4
rs2303038	1.1e-5
rs10155614	2.454e-4
rs7710000	3.262e-4
rs883242	4.643e-4
rs1033180	9.69e-6
rs12203592	2.141e-4
rs1050975	7.22e-5
rs872071	4.82e-6
rs7757906	3.39e-5
rs11242867	9.14e-6
rs9378805	2.67e-4
rs7758338	6.22e-5
rs1933650	4.65e-5
rs638329	2.383e-4
rs1883324	2.423e-4
rs3950186	2.513e-4
rs384366	2.027e-4
rs3734665	4.73e-5
rs1929320	1.373e-4
rs570854	4.753e-4
rs9463802	2.807e-4
rs9396386	2.971e-4
rs12200556	4.214e-4
rs9444682	4.059e-4
rs12196758	2.009e-4
rs6454802	7.8e-5
rs207269	8.89e-5
rs207270	1.65e-5
rs1010474	4.019e-4
rs2474619	1.63e-4
rs370409	1.288e-4
rs10806425	9.46e-6
rs1394220	2.21e-5
rs790595	2.78e-4
rs16884950	2.758e-4
rs6908995	4.075e-4
rs16880068	4.32e-4
rs4571541	1.277e-4
rs4446534	7.98e-5
rs1054607	2.13e-5
rs9766863	4.053e-4
rs1321206	1.311e-4
rs9384719	1.045e-4
rs9386829	8.04e-5
rs1103996	2.053e-4
rs3799852	1.151e-4
rs9320579	3.518e-4
rs2036966	9.3e-5
rs9388590	2.108e-4
rs1080436	1.235e-4
rs960104	4.131e-4
rs1031257	4.524e-4
rs686730	2.794e-4
rs12198865	4.114e-4
rs629648	2.835e-4
rs498692	3.602e-4
rs10484716	2.887e-4
rs156061	1.014e-4
rs13204742	4.36e-5
rs802734	1.36e-6
rs813915	5.65e-5
rs7738609	1.94e-5
rs9388761	4.271e-4
rs6941060	2.67e-5
rs6933404	6.16e-13
rs600469	1.201e-4
rs13192841	1.679e-4
rs12527282	9.83e-5
rs2327832	1.41e-14
rs686851	9.37e-5
rs1002658	6.37e-6
rs6904167	6.22e-5
rs636393	1.93e-5
rs602414	1.14e-5
rs2498662	2.392e-4
rs2473520	3.02e-6
rs2473528	3.037e-4
rs17304375	2.66e-5
rs9403041	1.692e-4
rs6925099	4.21e-7
rs6925306	4.14e-7
rs3777677	2.37e-6
rs2327935	3.96e-7
rs6570315	4.813e-4
rs9495378	1.46e-5
rs11155036	1.976e-4
rs12189801	3.269e-4
rs9390412	4.181e-4
rs9403998	4.09e-5
rs7772697	2.139e-4
rs6900527	1.019e-4
rs7761698	4.13e-5
rs12210317	1.061e-4
rs6926365	8.6700000000000007e-05
rs2982712	2.831e-4
rs712244	2e-4
rs11759145	2.87e-6
rs926657	2.92e-6
rs9295089	1.66e-6
rs1738074	3.14e-8
rs212402	1.59e-7
rs212388	1.05e-6
rs3120629	2.201e-4
rs654690	1.97e-5
rs2249937	5.26e-5
rs9355702	1.455e-4
rs1476644	3.266e-4
rs1557863	4.904e-4
rs3852253	3.893e-4
rs3852255	7.82e-5
rs17350355	4.476e-4
rs6958870	2.431e-4
rs12700692	6.01e-5
rs12112544	3.889e-4
rs2391217	2.676e-4
rs10486500	2.92e-5
rs10215905	7.95e-5
rs17418395	3.582e-4
rs6974491	1.37e-5
rs6960995	1.48e-6
rs7778387	3.25e-4
rs7778636	3.047e-4
rs7778450	5.93e-5
rs17664027	8.17e-5
rs1037674	2.029e-4
rs874355	3.68e-5
rs12055922	3.916e-4
rs9654749	3.409e-4
rs2068031	2.224e-4
rs319296	3.25e-4
rs319305	4.113e-4
rs756860	1.196e-4
rs734688	1.304e-4
rs17345800	3.91e-5
rs562221	1.68e-5
rs3763461	2.56e-4
rs1014112	3.225e-4
rs11763166	1.05e-6
rs12707093	3.356e-4
rs2732900	1.922e-4
rs6956357	4.642e-4
rs7777468	1.759e-4
rs1993480	2.156e-4
rs2198944	1.33e-4
rs7357519	1.405e-4
rs13251949	2.198e-4
rs6991234	4.257e-4
rs2461483	4.295e-4
rs922810	6.58e-5
rs7844698	4.54e-5
rs4733342	1.339e-4
rs10503918	4.52e-5
rs4489283	4.434e-4
rs11776203	4.142e-4
rs2929019	4.685e-4
rs2086393	4.366e-4
rs10093096	3.56e-5
rs16932710	5.07e-6
rs6998112	4.686e-4
rs1051919	3.251e-4
rs6995298	1.865e-4
rs12545524	7.83e-6
rs7840789	4.37e-5
rs1385244	4e-4
rs2033720	2.342e-4
rs893225	4.86e-6
rs1693569	2.98e-4
rs1269693	1.32e-5
rs620643	4.353e-4
rs501344	3.82e-6
rs648119	1.68e-4
rs7825598	4.432e-4
rs7835350	1.692e-4
rs9792269	8.14e-6
rs4733601	1.266e-4
rs2142200	3.64e-4
rs975730	7.61e-5
rs975729	4.319e-4
rs4265149	3.567e-4
rs938646	4.296e-4
rs1543157	4.036e-4
rs1516969	4.801e-4
rs10095322	4.193e-4
rs7002268	1.982e-4
rs7819263	2.492e-4
rs7463766	4.158e-4
rs6578178	1.01e-4
rs7836875	1.823e-4
rs11782383	1.657e-4
rs7459842	1.391e-4
rs7816220	3.458e-4
rs11167063	1.192e-4
rs573851	1.971e-4
rs7860253	3.936e-4
rs540909	1.02e-5
rs10757606	8.8e-5
rs636918	2.272e-4
rs10811102	4.19e-4
rs944141	6.2e-6
rs12376596	1.671e-4
rs544253	2.611e-4
rs7864679	3.813e-4
rs7041472	1.354e-4
rs4607710	3.276e-4
rs2780838	3.403e-4
rs10758192	4.86e-4
rs7025995	4.487e-4
rs7047872	2.617e-4
rs7860480	2.661e-4
rs12555625	4.561e-4
rs4242594	4.399e-4
rs4262393	1.01e-4
rs10117186	4.75e-4
rs10908921	2.28e-6
rs11265889	8.53e-5
rs12554486	4.269e-4
rs4743150	1.48e-5
rs874610	2.05e-5
rs12343945	1.162e-4
rs16920477	3.656e-4
rs10759261	2.418e-4
rs10513496	4.035e-4
rs2129446	9.15e-5
rs12779859	3.142e-4
rs1872758	3.102e-4
rs1064891	4.413e-4
rs1539234	8.89e-5
rs656715	1.634e-4
rs643610	1.328e-4
rs17434960	3.505e-4
rs12218978	1.15e-4
rs1591341	4.3e-4
rs11010711	2.716e-4
rs11812122	3.689e-4
rs10508637	2.159e-4
rs11013984	3.248e-4
rs1148214	3.621e-4
rs10857580	8.6700000000000007e-05
rs11004845	2.24e-4
rs4379726	1.459e-4
rs17712705	3.47e-5
rs12355259	1.61e-4
rs10823120	3.1e-5
rs597889	2.453e-4
rs866255	2.2e-5
rs634546	1.929e-4
rs1250539	7.03e-6
rs1250552	5.81e-8
rs1878424	1.474e-4
rs10882023	1.105e-4
rs1571176	8.11e-5
rs2815401	7.51e-6
rs4919611	2.29e-5
rs7083450	4.06e-5
rs1541046	1.201e-4
rs7080055	3.3e-4
rs4244350	1.795e-4
rs10736156	1.07e-5
rs812799	2.033e-4
rs1415848	3.744e-4
rs4751986	1.117e-4
rs4415675	3.275e-4
rs4752656	3.18e-4
rs10788262	3.012e-4
rs4751889	1.345e-4
rs7092666	3.928e-4
rs11016841	4.03e-5
rs4750892	1.669e-4
rs4751457	1.086e-4
rs12267364	1.489e-4
rs16934565	2.357e-4
rs762854	3.768e-4
rs7116607	2.405e-4
rs11043097	2.6e-5
rs1393926	2.795e-4
rs2174164	3.61e-4
rs1354329	8.72e-7
rs7924783	3.79e-5
rs10832644	3.739e-4
rs4757417	2.155e-4
rs4756856	1.55e-5
rs11024021	2.37e-5
rs1392997	2.93e-5
rs3809095	7.59e-5
rs12422005	3.645e-4
rs10766770	3.85e-4
rs11029302	4.056e-4
rs7119684	3.51e-4
rs2871802	3.478e-4
rs224612	4.618e-4
rs224619	4.55e-5
rs11601310	4.793e-4
rs1425193	8.35e-5
rs17147237	1.375e-4
rs509244	3.198e-4
rs11235508	2.127e-4
rs1791936	8.68e-5
rs1783584	3.616e-4
rs1941600	3.512e-4
rs7104791	1.196e-4
rs12294634	3.839e-4
rs11221332	4.74e-11
rs4372467	8.9e-6
rs11221335	4.16e-11
rs11825217	2.73e-9
rs6590334	6.2e-6
rs4128561	9.98e-7
rs4245079	7.88e-7
rs11221388	2.153e-4
rs7115037	2.05e-6
rs511311	4.357e-4
rs7118965	2.19e-4
rs4937787	4.834e-4
rs12788589	4.37e-5
rs4554901	4.636e-4
rs1108385	1.863e-4
rs2192187	4.276e-4
rs16933825	4.644e-4
rs16916683	2.774e-4
rs11052552	1.515e-4
rs741199	2.91e-4
rs10466829	8.78e-5
rs10844638	4.805e-4
rs11052877	1.01e-4
rs888198	1.589e-4
rs2114844	3.27e-4
rs988606	8.37e-5
rs2870957	4.646e-4
rs10735946	1.17e-4
rs1565862	7.1e-5
rs710720	3.119e-4
rs12424128	3.162e-4
rs6489844	3.986e-4
rs4766521	4.607e-4
rs4378452	2.13e-5
rs1001484	2.335e-4
rs1265566	6.91e-6
rs7970490	3.56e-6
rs3847953	3.16e-6
rs16941437	2.344e-4
rs2239196	1.02e-5
rs3184504	9.45e-14
rs653178	6.03e-14
rs11065987	2.56e-7
rs17696736	2.44e-6
rs11066188	3.89e-7
rs11066320	1.46e-7
rs1566643	4.623e-4
rs1426426	1.889e-4
rs16945210	1.942e-4
rs4759988	2.456e-4
rs10773692	2.049e-4
rs670275	3.132e-4
rs9316483	4.39e-5
rs9510351	1.788e-4
rs7993983	2.475e-4
rs9553968	2.897e-4
rs9540388	1.279e-4
rs9540606	6e-5
rs717585	3.59e-4
rs2755233	2.128e-4
rs9533462	4.167e-4
rs7326281	4.496e-4
rs2305100	3.96e-5
rs4942273	1.906e-4
rs2580188	2.419e-4
rs2762051	3.35e-5
rs806322	3.407e-4
rs806344	4.27e-4
rs4053550	1.307e-4
rs11840151	1.156e-4
rs2810442	1.615e-4
rs2173141	4.049e-4
rs4566049	3.791e-4
rs4772068	2.203e-4
rs7991229	4.699e-4
rs2296845	7.97e-5
rs17197114	3.412e-4
rs4982665	4.011e-4
rs7159262	2.976e-4
rs9323897	7.19e-5
rs17757282	1.042e-4
rs11851414	5.53e-6
rs1051533	4.26e-6
rs8019383	5.49e-5
rs4899260	4.55e-5
rs1898320	2.44e-5
rs2301918	1.152e-4
rs8004952	3.1e-5
rs4903794	2.235e-4
rs1481417	6.05e-5
rs1449419	3.797e-4
rs11159695	3.771e-4
rs1667515	8.71e-6
rs17184397	3.775e-4
rs875014	2.886e-4
rs877228	2.487e-4
rs10162630	1.115e-4
rs289816	2.867e-4
rs289818	2.821e-4
rs6494411	2.296e-4
rs7183892	1.572e-4
rs7168440	8.86e-6
rs7166206	3.179e-4
rs4411464	9.34e-6
rs7178104	1.691e-4
rs978362	1.902e-4
rs7180823	1.164e-4
rs12591947	1.478e-4
rs8033972	2.114e-4
rs3784709	1.961e-4
rs2241423	3.161e-4
rs1471460	2.112e-4
rs4776981	3.892e-4
rs11636972	2.136e-4
rs1872056	4.458e-4
rs2472304	1.995e-4
rs2470890	2.209e-4
rs1378942	4.47e-4
rs1867153	5.15e-5
rs12917120	3.954e-4
rs1867147	4.39e-5
rs7172677	9.97e-5
rs8025412	3.91e-6
rs8027604	4.7e-6
rs12148472	1.117e-4
rs4980347	3.005e-4
rs4777995	1.824e-4
rs6500757	2.345e-4
rs6498771	1.528e-4
rs6498114	9.41e-5
rs12928665	3.041e-4
rs243323	2.112e-4
rs12928822	1.07e-5
rs12927773	2.53e-5
rs4238606	1.169e-4
rs4129934	3.73e-5
rs4513082	3.004e-4
rs7188098	2.796e-4
rs11860456	1.838e-4
rs2303852	3.746e-4
rs477639	5.41e-5
rs2251155	1.134e-4
rs6502860	6.52e-5
rs11871517	2.251e-4
rs11867190	4.82e-5
rs11078559	3.82e-5
rs12600516	2.103e-4
rs393152	2.297e-4
rs12373139	2.102e-4
rs1981997	2.73e-4
rs8070723	2.31e-4
rs183211	2.725e-4
rs2074404	5.03e-5
rs11654648	1.947e-4
rs10491182	1.001e-4
rs8080480	2.16e-5
rs3214047	3.561e-4
rs6506372	3.978e-4
rs9945360	3.571e-4
rs7506330	2.09e-4
rs6506648	4.001e-4
rs4798791	4.318e-4
rs3786173	3.323e-4
rs925100	4.708e-4
rs2124297	2.116e-4
rs1378528	3.01e-4
rs10460003	1.626e-4
rs1893217	5.52e-7
rs657555	1.976e-4
rs11873104	2.162e-4
rs10084050	1.594e-4
rs3786167	4.375e-4
rs4325646	4.437e-4
rs976751	4.032e-4
rs6507876	3.688e-4
rs1787328	2.143e-4
rs347546	4.742e-4
rs2168159	3.916e-4
rs1943093	1.714e-4
rs1943097	2.699e-4
rs9950125	6.97e-5
rs4129439	2.88e-4
rs6417121	7.52e-5
rs11082974	3.285e-4
rs4940251	4.604e-4
rs1394466	2.48e-6
rs11082993	2.445e-4
rs10853631	1.395e-4
rs11876782	1.002e-4
rs11876154	1.44e-4
rs10502976	1.075e-4
rs2134297	4.686e-4
rs3809983	8.71e-5
rs3809982	1.949e-4
rs3809973	3.326e-4
rs3809970	3.064e-4
rs12103986	2.511e-4
rs9962970	4.608e-4
rs7236492	2.793e-4
rs1465245	1.658e-4
rs8102086	1.777e-4
rs2116941	4.701e-4
rs874628	2.887e-4
rs4808762	1.729e-4
rs10421769	4.322e-4
rs838143	1.726e-4
rs4815651	8.87e-5
rs720436	3.273e-4
rs6081711	3.675e-4
rs1535253	2.11e-6
rs6081714	5.33e-6
rs1998115	6.94e-6
rs2376997	1.268e-4
rs3897903	6.16e-5
rs11700063	7.35e-5
rs2143491	9.98e-5
rs2426809	2.643e-4
rs8118581	6.28e-5
rs2822590	2.42e-5
rs2823447	4.844e-4
rs2824336	1.997e-4
rs2825725	1.3e-6
rs2830028	3.383e-4
rs2284550	4.546e-4
rs2834165	3.663e-4
rs2834757	2.525e-4
rs2836912	4.289e-4
rs6518350	4.197e-4
rs2838522	2.442e-4
rs7283760	2.8e-4
rs4819388	3.42e-5
rs3788111	1.184e-4
rs465500	2.333e-4
rs463426	3.737e-4
rs5754217	6.92e-7
rs4821112	4.07e-5
rs2298428	2.49e-7
rs738796	2.309e-4
rs2267032	1.406e-4
rs1008931	4.906e-4
rs738813	3.714e-4
rs1018833	1.184e-4
rs1007476	1.723e-4
rs2179129	1.566e-4
rs5962262	3.065e-4
rs12688330	3.398e-4
rs12687129	4.48e-7
rs1947953	1.08e-5
rs5979785	6.32e-6
rs5979778	2.73e-4
rs199850	3.152e-4
rs5953452	4.664e-4
rs6616809	3.384e-4
rs5941719	4.815e-4
rs5940944	3.2e-4
rs7880484	1.609e-4
rs1980465	2.236e-4
rs7052934	8.42e-6
