chrom	start	end	SNP	pvalue
chr1	2520302	2520303	rs6667564	0.203158891143
chr1	2520500	2520501	rs6701238	NA
chr1	2520527	2520528	rs6670198	0.203158891143
chr1	2523723	2523724	rs867436	NA
chr1	2523807	2523808	rs192349427	NA
chr1	2523810	2523811	rs182464181	NA
chr1	2523811	2523812	rs187786174	NA
chr1	2523969	2523970	rs184574713	NA
chr1	2524457	2524458	rs745367	NA
chr1	2524943	2524944	rs3828154	NA
chr1	2525665	2525666	rs3748817	0.203158891143
chr1	2526746	2526747	rs3748816	NA
chr1	2528999	2529000	rs2764845	NA
chr1	2529097	2529098	rs2843403	0.203158891143
chr1	2529360	2529361	rs2764841	NA
chr1	2529437	2529438	rs2764840	0.203158891143
chr1	2531505	2531506	rs6681973	NA
chr1	2535758	2535759	rs4648652	NA
chr1	2537464	2537465	rs4074789	0.203158891143
chr1	2537838	2537839	rs41300092	0.203158891143
chr1	2538209	2538210	rs10910105	0.203158891143
chr1	2538349	2538350	rs10797436	1.0
chr1	2538886	2538887	rs10910106	NA
chr1	2539006	2539007	rs10797437	0.203158891143
chr1	2539181	2539182	rs10910107	0.203158891143
chr1	2539400	2539401	rs4445406	0.203158891143
chr1	2539532	2539533	rs10910108	0.203158891143
chr1	2539555	2539556	rs4278312	NA
chr1	2539590	2539591	rs4422947	NA
chr1	2539603	2539604	rs60687045	0.203158891143
chr1	2539796	2539797	rs4073285	0.203158891143
chr1	2539901	2539902	rs4073286	NA
chr1	2539946	2539947	rs142350479	NA
chr1	2539981	2539982	rs145629728	NA
chr1	2540262	2540263	rs10797438	0.203158891143
chr1	2540343	2540344	rs12046118	NA
chr1	2540364	2540365	rs10797439	NA
chr1	2541269	2541270	rs10797440	0.203158891143
chr1	2542653	2542654	rs10910111	NA
chr1	2544640	2544641	rs10752748	0.203158891143
chr1	2546229	2546230	rs6684865	0.203158891143
chr1	2548852	2548853	rs10752749	NA
chr1	2551053	2551054	rs10910112	NA
chr1	2551660	2551661	rs10797441	0.203158891143
chr1	2552071	2552072	rs6673993	0.203158891143
chr1	2552217	2552218	rs373557482	NA
chr1	2553083	2553084	rs4648654	NA
chr1	2553542	2553543	rs74731535	NA
chr1	2553624	2553625	rs3890745	0.203158891143
chr1	2553758	2553759	rs4474198	0.203158891143
chr1	2554344	2554345	rs10797442	NA
chr1	2554563	2554564	rs12146058	NA
chr1	2555640	2555641	rs28568531	0.203158891143
chr1	2556125	2556126	rs7368072	0.203158891143
chr1	2556548	2556549	rs7368105	NA
chr1	2556709	2556710	rs7364820	NA
chr1	2557191	2557192	rs7523364	NA
chr1	2557376	2557377	rs58240187	NA
chr1	2557531	2557532	rs6422657	NA
chr1	2558308	2558309	rs6668149	NA
chr1	2558740	2558741	rs12748729	0.203158891143
chr1	2559589	2559590	rs12730932	0.203158891143
chr1	2560735	2560736	rs4648657	NA
chr1	2560882	2560883	rs4648658	NA
chr1	2560903	2560904	rs4648659	NA
chr1	2561259	2561260	rs35955733	NA
chr1	2561286	2561287	rs28532547	0.203158891143
chr1	2562169	2562170	rs4648564	NA
chr1	2563250	2563251	rs12749591	0.203158891143
chr1	2564183	2564184	rs6698817	0.203158891143
chr1	2564465	2564466	rs12752515	NA
chr1	2567500	2567501	rs6666788	NA
chr1	2570023	2570024	rs4648565	0.203158891143
chr1	2571823	2571824	rs28690427	0.203158891143
chr1	2574078	2574079	rs9970196	NA
chr1	2581542	2581543	rs28611770	NA
chr1	2584252	2584253	rs4648665	NA
chr1	2621352	2621353	rs28774982	NA
chr1	2622154	2622155	rs28499205	NA
chr1	2622461	2622462	rs58055515	NA
chr1	2622489	2622490	rs56814247	NA
chr1	2622686	2622687	rs56822453	NA
chr1	2623128	2623129	rs28729890	NA
chr1	2624504	2624505	rs372546989	NA
chr1	2625154	2625155	rs139756224	NA
chr1	2626261	2626262	rs28707614	NA
chr1	2627094	2627095	rs28486014	NA
chr1	2627413	2627414	rs4648684	NA
chr1	2629716	2629717	rs11516512	NA
chr1	2629951	2629952	rs11516513	NA
chr1	2686183	2686184	rs199671872	NA
chr1	2693121	2693122	rs142042178	NA
chr1	2693265	2693266	rs201062007	NA
chr1	2695687	2695688	rs4648448	0.203158891143
chr1	2698950	2698951	rs6666430	0.203158891143
chr1	2708430	2708431	rs10909839	0.203158891143
chr1	2709164	2709165	rs4648356	0.203158891143
chr1	2716624	2716625	rs897628	0.203158891143
chr1	2717470	2717471	rs60389769	0.203158891143
chr1	2720173	2720174	rs897625	0.203158891143
chr1	2720175	2720176	rs897624	0.203158891143
chr1	2721149	2721150	rs2100574	0.203158891143
chr1	25289734	25289735	rs72657048	0.0392092453278
chr1	25292668	25292669	rs7528484	0.0392092453278
chr1	25293084	25293085	rs7536201	0.0392092453278
chr1	25293201	25293202	rs11249212	0.0392092453278
chr1	25293216	25293217	rs7414934	NA
chr1	25293237	25293238	rs11249213	NA
chr1	25293356	25293357	rs4265380	0.0392092453278
chr1	25293775	25293776	rs11311495	NA
chr1	25293829	25293830	rs4648889	0.0392092453278
chr1	25293902	25293903	rs4649040	NA
chr1	25293941	25293942	rs4648890	0.0392092453278
chr1	25294195	25294196	rs7523328	0.0392092453278
chr1	25294206	25294207	rs7523334	NA
chr1	25294208	25294209	rs7532198	NA
chr1	25294264	25294265	rs7523412	0.0392092453278
chr1	25294345	25294346	rs7536848	NA
chr1	25294548	25294549	rs373993301	NA
chr1	25294573	25294574	rs7525903	NA
chr1	25294607	25294608	rs7542079	NA
chr1	25294618	25294619	rs7542147	NA
chr1	25294878	25294879	rs10903118	NA
chr1	25294902	25294903	rs10903119	NA
chr1	25295580	25295581	rs7529070	0.0392092453278
chr1	25296478	25296479	rs10751775	0.108103835794
chr1	25296743	25296744	rs10751776	NA
chr1	25299404	25299405	rs7555518	0.108103835794
chr1	25299432	25299433	rs12407074	NA
chr1	25299602	25299603	rs7550552	0.108103835794
chr1	25299637	25299638	rs7550635	NA
chr1	25299748	25299749	rs34115476	NA
chr1	25299816	25299817	rs7542123	NA
chr1	25299836	25299837	rs7513156	NA
chr1	25300042	25300043	rs10903121	0.108103835794
chr1	25300256	25300257	rs11249218	NA
chr1	25300369	25300370	rs11249219	NA
chr1	25300541	25300542	rs11249221	0.108103835794
chr1	25300632	25300633	rs12036815	0.108103835794
chr1	25301477	25301478	rs7545113	NA
chr1	25301653	25301654	rs7547501	NA
chr1	25301869	25301870	rs1609996	0.108103835794
chr1	25302495	25302496	rs2135755	NA
chr1	25303576	25303577	rs10903122	0.108103835794
chr1	25303905	25303906	rs2063112	NA
chr1	25304134	25304135	rs2063110	NA
chr1	25304463	25304464	rs2370233	NA
chr1	25304464	25304465	rs2370234	0.108103835794
chr1	25304552	25304553	rs10794667	0.108103835794
chr1	25305114	25305115	rs6600247	0.108103835794
chr1	25305157	25305158	rs6600248	NA
chr1	25305160	25305161	rs6600249	NA
chr1	25305172	25305173	rs6600250	NA
chr1	61776141	61776142	rs2782540	NA
chr1	61777082	61777083	rs5774552	NA
chr1	61781905	61781906	rs2782543	NA
chr1	61786306	61786307	rs72116266	NA
chr1	61788766	61788767	rs2806442	NA
chr1	61791863	61791864	rs6691768	0.13631571645
chr1	61792211	61792212	rs34852552	NA
chr1	61792786	61792787	rs6670529	NA
chr1	114303808	114303809	rs6679677	NA
chr1	114377568	114377569	rs2476601	NA
chr1	172673583	172673584	rs10912265	0.232813573267
chr1	172674541	172674542	rs7553067	0.232813573267
chr1	172674776	172674777	rs10912267	0.232813573267
chr1	172674998	172674999	rs375281730	NA
chr1	172675097	172675098	rs12118303	0.232813573267
chr1	172675525	172675526	rs10798176	0.232813573267
chr1	172677174	172677175	rs10798178	0.232813573267
chr1	172678854	172678855	rs10912276	0.232813573267
chr1	172679129	172679130	rs10912280	NA
chr1	172679704	172679705	rs10912292	NA
chr1	172679759	172679760	rs12122581	0.232813573267
chr1	172679935	172679936	rs10912295	0.232813573267
chr1	172680465	172680466	rs859673	0.128069742277
chr1	172681031	172681032	rs12068671	0.232813573267
chr1	172681569	172681570	rs10912301	0.232813573267
chr1	172682072	172682073	rs2157477	0.232813573267
chr1	172682901	172682902	rs859623	0.128069742277
chr1	172687870	172687871	rs859621	0.215666805599
chr1	172688912	172688913	rs859619	0.29917654721
chr1	172689501	172689502	rs859618	0.215666805599
chr1	172696537	172696538	rs704845	0.215666805599
chr1	172696653	172696654	rs859648	0.215666805599
chr1	172696733	172696734	rs859647	NA
chr1	172699409	172699410	rs1102707	0.215666805599
chr1	172699579	172699580	rs1102706	0.215666805599
chr1	172701331	172701332	rs1102704	NA
chr1	172701477	172701478	rs34831756	NA
chr1	172701709	172701710	rs35001085	NA
chr1	172703882	172703883	rs859644	0.215666805599
chr1	172704483	172704484	rs859643	NA
chr1	172705690	172705691	rs12136569	NA
chr1	172706404	172706405	rs859641	0.0800691700264
chr1	172708288	172708289	rs1845136	NA
chr1	172710166	172710167	rs859639	0.215666805599
chr1	172710620	172710621	rs859638	NA
chr1	172711000	172711001	rs859637	0.128069742277
chr1	172711240	172711241	rs859636	0.278626301602
chr1	172712225	172712226	rs859634	0.215666805599
chr1	172712424	172712425	rs859633	0.128069742277
chr1	172716830	172716831	rs10912460	NA
chr1	172717425	172717426	rs859631	NA
chr1	183532580	183532581	rs17849502	NA
chr1	183542323	183542324	rs17849501	NA
chr1	192512559	192512560	rs72734930	NA
chr1	192519865	192519866	rs1323298	NA
chr1	192523556	192523557	rs9803778	NA
chr1	192523557	192523558	rs9803887	NA
chr1	192523571	192523572	rs9804163	NA
chr1	192524269	192524270	rs2816305	0.266401159729
chr1	192524985	192524986	rs4658054	0.251309723152
chr1	192524993	192524994	rs3011685	0.251309723152
chr1	192525276	192525277	rs2760521	0.251309723152
chr1	192525984	192525985	rs9427559	NA
chr1	192530967	192530968	rs10709521	NA
chr1	192531530	192531531	rs10630758	NA
chr1	192535553	192535554	rs1359063	0.0781674471506
chr1	192536385	192536386	rs2816317	0.0711498519008
chr1	192536451	192536452	rs4636437	NA
chr1	192536480	192536481	rs35216485	NA
chr1	192536758	192536759	rs2760527	0.0711498519008
chr1	192536785	192536786	rs2760528	NA
chr1	192536813	192536814	rs2816316	0.0711498519008
chr1	192536886	192536887	rs2816315	0.0781674471506
chr1	192537400	192537401	rs1323297	NA
chr1	192537508	192537509	rs1323296	0.0711498519008
chr1	192541021	192541022	rs1323292	0.0711498519008
chr1	192541172	192541173	rs2984919	0.0711498519008
chr1	192541472	192541473	rs1359062	0.0781674471506
chr1	192543837	192543838	rs1547624	0.0711498519008
chr1	192544795	192544796	rs2984920	0.0711498519008
chr1	192545099	192545100	rs7535818	0.0711498519008
chr1	200874229	200874230	rs35730213	NA
chr1	200874728	200874729	rs55838263	0.392522138735
chr1	200875095	200875096	rs12132298	0.392522138735
chr1	200875242	200875243	rs12132349	0.392522138735
chr1	200875897	200875898	rs59655222	0.392522138735
chr1	200877562	200877563	rs7554511	0.392522138735
chr1	200877850	200877851	rs41299637	0.392522138735
chr1	200878727	200878728	rs12131796	0.392522138735
chr1	200880978	200880979	rs296520	NA
chr1	200881392	200881393	rs10800746	0.364573821148
chr1	200881595	200881596	rs7522462	0.392522138735
chr1	200884985	200884986	rs905634	NA
chr1	200902607	200902608	rs11583546	NA
chr10	6390192	6390193	rs2387397	0.0475470788676
chr10	81058027	81058028	rs1250552	0.100106664505
chr11	111196858	111196859	rs7104791	0.312523291194
chr11	118569230	118569231	rs76114901	NA
chr11	118575326	118575327	rs11216956	0.0530507920159
chr11	118577557	118577558	rs5795133	NA
chr11	118577873	118577874	rs11216960	0.0530507920159
chr11	118578705	118578706	rs10892256	0.0530507920159
chr11	118579327	118579328	rs10892257	NA
chr11	118579747	118579748	rs10790261	0.0530507920159
chr11	118579865	118579866	rs10892258	0.0530507920159
chr11	118580338	118580339	rs11216961	NA
chr11	118580813	118580814	rs11216962	NA
chr11	118580814	118580815	rs11216963	NA
chr11	118580965	118580966	rs139437602	NA
chr11	118581769	118581770	rs370873653	NA
chr11	118581895	118581896	rs11216964	NA
chr11	118582613	118582614	rs11216965	NA
chr11	118582913	118582914	rs75051257	NA
chr11	118583002	118583003	rs10892259	NA
chr11	118583525	118583526	rs10892260	NA
chr11	118584340	118584341	rs11216969	NA
chr11	118585826	118585827	rs11216972	NA
chr11	118587001	118587002	rs11216973	NA
chr11	118587002	118587003	rs11216974	NA
chr11	118587097	118587098	rs10892262	NA
chr11	118587319	118587320	rs10892263	NA
chr11	118588102	118588103	rs75582746	NA
chr11	118588145	118588146	rs140324109	NA
chr11	118588249	118588250	rs202074295	NA
chr11	118588262	118588263	rs28849212	NA
chr11	118588320	118588321	rs28413939	NA
chr11	118588323	118588324	rs28395393	NA
chr11	118588952	118588953	rs12421790	NA
chr11	118589012	118589013	rs12421793	NA
chr11	118589671	118589672	rs147101418	NA
chr11	118589691	118589692	rs138545978	NA
chr11	118589869	118589870	rs28862625	NA
chr11	118590668	118590669	rs11216980	NA
chr11	118590714	118590715	rs10892264	NA
chr11	118590805	118590806	rs11216981	NA
chr11	118590848	118590849	rs11493899	NA
chr11	118591776	118591777	rs11216985	NA
chr11	118591921	118591922	rs375608089	NA
chr11	118594466	118594467	rs56145044	NA
chr11	118598222	118598223	rs10892269	NA
chr11	118598544	118598545	rs10892271	NA
chr11	118598714	118598715	rs11530564	NA
chr11	118598743	118598744	rs140144228	NA
chr11	118602707	118602708	rs10892272	NA
chr11	118602809	118602810	rs10892273	NA
chr11	118603165	118603166	rs73001429	0.0774741301321
chr11	118603520	118603521	rs11216994	NA
chr11	118603526	118603527	rs11216995	0.0774741301321
chr11	118603736	118603737	rs112561833	NA
chr11	118604638	118604639	rs11216997	NA
chr11	118604984	118604985	rs11217000	NA
chr11	128380974	128380975	rs11221332	0.156572519053
chr11	128383924	128383925	rs7117768	0.156572519053
chr11	128385906	128385907	rs11221335	0.156572519053
chr11	128389760	128389761	rs143880791	NA
chr11	128390069	128390070	rs7120822	0.156572519053
chr11	128391937	128391938	rs61907765	0.156572519053
chr11	128392903	128392904	rs151213883	NA
chr11	128396738	128396739	rs7117118	0.230258137034
chr12	111826477	111826478	rs3062379	NA
chr12	111865049	111865050	rs7310615	NA
chr12	111884608	111884609	rs3184504	0.0362920702074
chr12	111904371	111904372	rs4766578	0.0348969292508
chr12	111907431	111907432	rs35350651	NA
chr12	111910219	111910220	rs10774625	0.0348969292508
chr12	111932800	111932801	rs7137828	NA
chr12	111973358	111973359	rs597808	NA
chr12	112007756	112007757	rs653178	NA
chr14	69259406	69259407	rs11847049	0.360671507399
chr14	69259502	69259503	rs11851414	0.360671507399
chr14	69259662	69259663	rs1051533	NA
chr14	69267271	69267272	rs4902649	NA
chr14	69271969	69271970	rs971290	0.263818057613
chr15	75069282	75069283	rs936226	NA
chr15	75080685	75080686	rs8033381	0.120659852318
chr15	75080872	75080873	rs2168519	NA
chr15	75081745	75081746	rs3784790	NA
chr15	75083912	75083913	rs12442901	NA
chr15	75084281	75084282	rs1350193	NA
chr15	75086386	75086387	rs72730503	NA
chr15	75086504	75086505	rs62006565	NA
chr15	75092384	75092385	rs2301249	NA
chr15	75095483	75095484	rs7085	NA
chr15	75096443	75096444	rs1378938	0.140041305005
chr15	75106138	75106139	rs4886619	NA
chr15	75107311	75107312	rs12441505	NA
chr15	75107880	75107881	rs7176022	0.140041305005
chr15	75114374	75114375	rs11072509	NA
chr15	75115416	75115417	rs7180484	NA
chr15	75115895	75115896	rs7162232	0.140041305005
chr15	75116184	75116185	rs11634474	0.140041305005
chr15	75120211	75120212	rs3935077	NA
chr16	10963857	10963858	rs7501204	NA
chr16	10963949	10963950	rs5815602	NA
chr16	10964118	10964119	rs6498114	0.241946326395
chr16	10965126	10965127	rs12922863	NA
chr16	10965601	10965602	rs10445003	NA
chr16	11019585	11019586	rs45482491	NA
chr16	11026525	11026526	rs115062414	NA
chr16	11038082	11038083	rs117233111	NA
chr16	11146510	11146511	rs78222559	NA
chr16	11347048	11347049	rs1111186	0.0305086524113
chr16	11347858	11347859	rs4780355	0.0305086524113
chr16	11349374	11349375	rs188754154	NA
chr16	11349678	11349679	rs243332	NA
chr16	11350811	11350812	rs33989964	NA
chr16	11354497	11354498	rs243325	0.0726741724593
chr16	11357331	11357332	rs243317	0.0726741724593
chr16	11358018	11358019	rs243318	0.0726741724593
chr16	11359680	11359681	rs1646019	0.0726741724593
chr16	11361202	11361203	rs243323	0.0726741724593
chr16	11369940	11369941	rs201933708	NA
chr16	11373797	11373798	rs80073729	NA
chr16	11384956	11384957	rs9673543	0.0600753655286
chr16	11709152	11709153	rs191727260	NA
chr16	11726102	11726103	rs188585794	NA
chr16	11820896	11820897	rs188005073	NA
chr16	11822462	11822463	rs72782708	NA
chr18	12821903	12821904	rs16939895	0.131230719078
chr18	12823056	12823057	rs547268	0.131230719078
chr18	12823402	12823403	rs658158	1.0
chr18	12826385	12826386	rs8091566	0.437193334383
chr18	12843137	12843138	rs11875687	0.18691989119
chr18	12847136	12847137	rs657555	0.18691989119
chr18	12850211	12850212	rs612058	0.18691989119
chr18	12853458	12853459	rs487273	0.18691989119
chr18	12854072	12854073	rs514000	0.107267874256
chr18	12855440	12855441	rs484020	0.107267874256
chr18	12855646	12855647	rs482160	NA
chr18	12857335	12857336	rs534911	0.107267874256
chr18	12857758	12857759	rs62097857	NA
chr18	12858610	12858611	rs579052	0.18691989119
chr18	12860798	12860799	rs11376832	NA
chr18	12860934	12860935	rs515151	0.18691989119
chr18	12864975	12864976	rs34735114	NA
chr18	12865730	12865731	rs144781887	NA
chr18	12868506	12868507	rs9959425	NA
chr18	12870175	12870176	rs62099360	NA
chr18	12885120	12885121	rs149850873	NA
chr2	61186829	61186830	rs13003464	0.0512614324363
chr2	61187415	61187416	rs67927699	NA
chr2	61191995	61191996	rs55776317	0.0975030517158
chr2	61199327	61199328	rs112401990	NA
chr2	61202549	61202550	rs1962449	NA
chr2	61204641	61204642	rs7608697	NA
chr2	61204688	61204689	rs7596362	0.0619850333072
chr2	61204856	61204857	rs7608910	0.0492492558128
chr2	61204917	61204918	rs4560096	NA
chr2	68627480	68627481	rs142069180	NA
chr2	68632212	68632213	rs7422209	NA
chr2	68632383	68632384	rs7424172	NA
chr2	68633180	68633181	rs7422735	NA
chr2	68633284	68633285	rs4854474	NA
chr2	68634677	68634678	rs150185505	NA
chr2	68639717	68639718	rs4854435	0.0934925835849
chr2	68641539	68641540	rs60656471	NA
chr2	68643462	68643463	rs66916499	NA
chr2	68643499	68643500	rs67456719	0.0934925835849
chr2	68643674	68643675	rs149356024	NA
chr2	68644910	68644911	rs59862264	0.177386492035
chr2	68645560	68645561	rs10167650	0.143032580506
chr2	68645870	68645871	rs12468278	NA
chr2	68645911	68645912	rs55819863	NA
chr2	68646279	68646280	rs12622659	0.0251869921799
chr2	102966783	102966784	rs1861246	NA
chr2	102968835	102968836	rs56308175	NA
chr2	102970265	102970266	rs35691496	NA
chr2	102971865	102971866	rs13015714	0.353126351626
chr2	102981644	102981645	rs6727306	NA
chr2	102982466	102982467	rs11465583	NA
chr2	102982703	102982704	rs10197284	NA
chr2	102982876	102982877	rs1573895	NA
chr2	102984684	102984685	rs1558627	0.353126351626
chr2	102985424	102985425	rs2058622	0.353126351626
chr2	102985646	102985647	rs3836110	NA
chr2	102985980	102985981	rs3771170	0.353126351626
chr2	102986170	102986171	rs2058623	NA
chr2	102986618	102986619	rs1465321	NA
chr2	102987698	102987699	rs6733346	NA
chr2	102989734	102989735	rs2041740	0.353126351626
chr2	102991181	102991182	rs6731154	NA
chr2	102992675	102992676	rs2270297	0.353126351626
chr2	102993161	102993162	rs6753717	0.353126351626
chr2	102994056	102994057	rs10190555	0.353126351626
chr2	102994714	102994715	rs6750020	0.353126351626
chr2	102996022	102996023	rs6729638	NA
chr2	103002395	103002396	rs3755274	0.353126351626
chr2	103003043	103003044	rs2241117	0.353126351626
chr2	103007220	103007221	rs2001461	NA
chr2	103007623	103007624	rs3860444	0.353126351626
chr2	103008710	103008711	rs12712145	0.353126351626
chr2	103014696	103014697	rs1568681	0.353126351626
chr2	103019919	103019920	rs1035127	0.353126351626
chr2	103024813	103024814	rs4851007	0.353126351626
chr2	103025203	103025204	rs4851575	0.353126351626
chr2	103026611	103026612	rs4851008	NA
chr2	103026656	103026657	rs34598673	NA
chr2	103027103	103027104	rs6419573	NA
chr2	103029410	103029411	rs6543132	NA
chr2	103033147	103033148	rs1807782	0.353126351626
chr2	103035044	103035045	rs1420106	0.353126351626
chr2	103037743	103037744	rs72546835	NA
chr2	103038527	103038528	rs3755268	0.353126351626
chr2	103038587	103038588	rs3755267	0.353126351626
chr2	103039584	103039585	rs3817465	NA
chr2	103039929	103039930	rs2272128	0.353126351626
chr2	103040247	103040248	rs11377261	NA
chr2	103040249	103040250	rs2272129	NA
chr2	103042891	103042892	rs5833015	NA
chr2	103043310	103043311	rs35711445	NA
chr2	103045020	103045021	rs11694658	0.129969546031
chr2	103046880	103046881	rs2160232	0.129969546031
chr2	103048103	103048104	rs6755786	NA
chr2	103048437	103048438	rs6713618	NA
chr2	103048467	103048468	rs6716784	NA
chr2	103049910	103049911	rs2041756	NA
chr2	103050458	103050459	rs6543134	0.129969546031
chr2	103050925	103050926	rs2110735	0.129969546031
chr2	103052206	103052207	rs2110734	0.129969546031
chr2	103052995	103052996	rs6746271	0.129969546031
chr2	103054449	103054450	rs2058660	0.129969546031
chr2	103054803	103054804	rs2058658	0.129969546031
chr2	103055644	103055645	rs4851009	NA
chr2	103057087	103057088	rs11677107	NA
chr2	103058328	103058329	rs1558652	NA
chr2	103060024	103060025	rs1558650	0.129969546031
chr2	103060313	103060314	rs4851584	0.129969546031
chr2	103062880	103062881	rs6734736	NA
chr2	103063369	103063370	rs6708413	0.129969546031
chr2	103064264	103064265	rs4851586	NA
chr2	103065522	103065523	rs11378157	NA
chr2	103065908	103065909	rs6543137	0.129969546031
chr2	103068787	103068788	rs7559479	0.129969546031
chr2	103068834	103068835	rs7603250	NA
chr2	103070568	103070569	rs917997	NA
chr2	103070988	103070989	rs2075185	NA
chr2	103073131	103073132	rs142862472	NA
chr2	103073474	103073475	rs4851587	NA
chr2	103073505	103073506	rs4851588	NA
chr2	103074079	103074080	rs6757276	NA
chr2	103074493	103074494	rs4070554	0.129969546031
chr2	103075561	103075562	rs6761825	0.129969546031
chr2	103076107	103076108	rs10175585	NA
chr2	103076210	103076211	rs6705001	0.129969546031
chr2	103076351	103076352	rs6543141	0.129969546031
chr2	103077894	103077895	rs7561487	0.129969546031
chr2	103078740	103078741	rs4241210	0.129969546031
chr2	103079297	103079298	rs6720564	0.129969546031
chr2	103079619	103079620	rs6717915	0.129969546031
chr2	103079814	103079815	rs6718157	0.129969546031
chr2	103080592	103080593	rs2075184	NA
chr2	103082118	103082119	rs5833016	NA
chr2	103082273	103082274	rs917996	0.129969546031
chr2	103082571	103082572	rs731628	0.129969546031
chr2	103083120	103083121	rs5833017	NA
chr2	103083453	103083454	rs1403554	0.129969546031
chr2	103085631	103085632	rs10165460	0.129969546031
chr2	103085660	103085661	rs11123931	0.129969546031
chr2	103086770	103086771	rs990171	0.129969546031
chr2	103091715	103091716	rs10197881	0.129969546031
chr2	103092021	103092022	rs1468791	0.129969546031
chr2	103092906	103092907	rs7597819	0.129969546031
chr2	103093081	103093082	rs6737668	0.129969546031
chr2	103093243	103093244	rs10469840	NA
chr2	182000046	182000047	rs4667083	0.326556352541
chr2	182007800	182007801	rs1018326	0.326556352541
chr2	182008302	182008303	rs6744620	NA
chr2	182019687	182019688	rs13405121	0.326556352541
chr2	182024131	182024132	rs56987708	0.326556352541
chr2	182028200	182028201	rs5836771	NA
chr2	182028396	182028397	rs1568257	0.326556352541
chr2	182029358	182029359	rs1996501	0.326556352541
chr2	182030229	182030230	rs10189776	NA
chr2	182031224	182031225	rs13393689	NA
chr2	182031799	182031800	rs10153661	NA
chr2	182032501	182032502	rs2368187	NA
chr2	182035192	182035193	rs4667114	NA
chr2	182035403	182035404	rs4667115	0.326556352541
chr2	182036900	182036901	rs6740034	0.326556352541
chr2	182038445	182038446	rs12620692	NA
chr2	182039477	182039478	rs6735551	0.186142056492
chr2	182040516	182040517	rs12622612	NA
chr2	182044385	182044386	rs4667118	NA
chr2	182046295	182046296	rs9678124	NA
chr2	182048452	182048453	rs12615545	0.174556109581
chr2	182052045	182052046	rs4514841	NA
chr2	182055300	182055301	rs4524093	NA
chr2	182056796	182056797	rs7593597	0.174556109581
chr2	182057083	182057084	rs7580110	0.174556109581
chr2	182057640	182057641	rs12619531	0.174556109581
chr2	182058191	182058192	rs4522566	NA
chr2	182058490	182058491	rs4441425	0.174556109581
chr2	182058528	182058529	rs4563183	NA
chr2	182058891	182058892	rs10209191	NA
chr2	182059382	182059383	rs4439920	0.174556109581
chr2	182059823	182059824	rs4667127	0.174556109581
chr2	182060285	182060286	rs4667128	0.174556109581
chr2	182060320	182060321	rs4667129	0.174556109581
chr2	182060695	182060696	rs4667130	0.174556109581
chr2	182061840	182061841	rs4666715	NA
chr2	182061996	182061997	rs4666716	NA
chr2	182062056	182062057	rs4233790	NA
chr2	182062281	182062282	rs4667135	NA
chr2	182062284	182062285	rs4666717	NA
chr2	182062794	182062795	rs12615998	0.174556109581
chr2	182062879	182062880	rs12616042	0.174556109581
chr2	182063448	182063449	rs4444479	0.174556109581
chr2	182066390	182066391	rs12693272	NA
chr2	182076748	182076749	rs7561880	NA
chr2	182077202	182077203	rs61081782	NA
chr2	182081030	182081031	rs4496291	0.174556109581
chr2	182090633	182090634	rs7355751	0.12813358172
chr2	182092655	182092656	rs7355617	0.12813358172
chr2	182094997	182094998	rs10930961	0.128133581844
chr2	182095001	182095002	rs10930962	0.128133581844
chr2	182095265	182095266	rs4401183	NA
chr2	191909864	191909865	rs7574608	NA
chr2	191913034	191913035	rs6715106	NA
chr2	191915738	191915739	rs3771326	NA
chr2	191917391	191917392	rs145248965	NA
chr2	191918031	191918032	rs11686127	NA
chr2	191919354	191919355	rs11676659	NA
chr2	191920771	191920772	rs3771327	NA
chr2	191928822	191928823	rs3024851	NA
chr2	191935033	191935034	rs1400656	NA
chr2	191942827	191942828	rs369994333	NA
chr2	191946603	191946604	rs13010752	NA
chr2	191948637	191948638	rs12998748	NA
chr2	191953389	191953390	rs12990918	NA
chr2	191956130	191956131	rs34693532	NA
chr2	191956249	191956250	rs13011805	NA
chr2	191956525	191956526	rs34675442	NA
chr2	191960409	191960410	rs148921410	NA
chr2	191962323	191962324	rs150250623	NA
chr2	191973563	191973564	rs6752770	0.277223458706
chr2	204450276	204450277	rs12693990	NA
chr2	204450524	204450525	rs12693991	NA
chr2	204451420	204451421	rs35059782	NA
chr2	204453929	204453930	rs10187851	NA
chr2	204455171	204455172	rs12618748	NA
chr2	204455241	204455242	rs12622185	NA
chr2	204456350	204456351	rs6748922	NA
chr2	204456950	204456951	rs13006940	NA
chr2	204458996	204458997	rs10169881	NA
chr2	204459961	204459962	rs10207814	NA
chr2	204610004	204610005	rs1980421	NA
chr2	204610396	204610397	rs1980422	0.124455522268
chr2	204611807	204611808	rs7422494	NA
chr2	204612058	204612059	rs7426056	0.124455522268
chr2	204614508	204614509	rs7588874	NA
chr2	204615889	204615890	rs67895606	NA
chr2	204762327	204762328	rs10497873	0.163082287877
chr2	204769396	204769397	rs11676461	NA
chr2	204770054	204770055	rs34037980	0.163082287877
chr2	204772166	204772167	rs3887196	NA
chr20	44552209	44552210	rs4812976	NA
chr20	44553567	44553568	rs1810323	NA
chr20	44553908	44553909	rs6104398	NA
chr20	44554686	44554687	rs4810480	0.449318367935
chr20	44558073	44558074	rs4812977	NA
chr20	44560401	44560402	rs6032592	NA
chr20	44560440	44560441	rs62213344	NA
chr20	44564114	44564115	rs4141957	NA
chr20	44564903	44564904	rs2868363	NA
chr20	44565680	44565681	rs11086989	NA
chr20	44570338	44570339	rs6065909	NA
chr20	44571079	44571080	rs4810481	NA
chr20	44574173	44574174	rs2282073	NA
chr20	44578776	44578777	rs6065910	NA
chr20	44582836	44582837	rs6073969	NA
chr20	44583238	44583239	rs4812979	NA
chr20	44584369	44584370	rs3848716	NA
chr20	44584625	44584626	rs3848717	NA
chr20	44588109	44588110	rs3746507	NA
chr20	44588282	44588283	rs3746510	NA
chr20	44591462	44591463	rs6130980	NA
chr20	44596207	44596208	rs6032606	0.449318367935
chr20	44599839	44599840	rs6017715	NA
chr20	44602621	44602622	rs6017716	NA
chr20	44604905	44604906	rs6032610	0.449318367935
chr20	44608820	44608821	rs6032611	NA
chr21	36712588	36712589	rs8129030	NA
chr21	36714980	36714981	rs66922517	NA
chr21	36715761	36715762	rs9979383	0.318890107806
chr21	36738242	36738243	rs8133843	NA
chr21	43855067	43855068	rs1893592	0.367298888246
chr21	45617996	45617997	rs59380543	NA
chr21	45618128	45618129	rs58139755	NA
chr21	45619278	45619279	rs112874163	NA
chr21	45619285	45619286	rs202041183	NA
chr21	45621230	45621231	rs113526534	NA
chr21	45621292	45621293	rs62228210	NA
chr21	45621817	45621818	rs6518350	NA
chr21	45621939	45621940	rs6518351	NA
chr21	45622609	45622610	rs56299324	NA
chr21	45622705	45622706	rs56132007	NA
chr21	45622816	45622817	rs55965762	NA
chr21	45622925	45622926	rs55736164	NA
chr21	45623508	45623509	rs146669102	NA
chr21	45623518	45623519	rs62228216	NA
chr21	45624551	45624552	rs56178904	NA
chr21	45624667	45624668	rs7282137	NA
chr21	45625253	45625254	rs3746959	NA
chr21	45627581	45627582	rs55708341	NA
chr21	45629121	45629122	rs58911644	NA
chr22	21911220	21911221	rs5754075	NA
chr22	21916166	21916167	rs5754100	NA
chr22	21916272	21916273	rs5754102	NA
chr22	21916361	21916362	rs5754104	NA
chr22	21917239	21917240	rs131655	NA
chr22	21917450	21917451	rs131656	NA
chr22	21917479	21917480	rs5998509	NA
chr22	21917550	21917551	rs131657	NA
chr22	21917626	21917627	rs131658	NA
chr22	21917708	21917709	rs131659	NA
chr22	21917757	21917758	rs131660	NA
chr22	21917859	21917860	rs138665726	NA
chr22	21919671	21919672	rs140488	0.0601306951035
chr22	21920403	21920404	rs131664	NA
chr22	21920817	21920818	rs59391722	NA
chr22	21920903	21920904	rs131665	0.0601306951035
chr22	21921294	21921295	rs140489	0.0601306951035
chr22	21921686	21921687	rs140490	NA
chr22	21922364	21922365	rs140491	0.167801114897
chr22	21922456	21922457	rs11089620	NA
chr22	21922904	21922905	rs2266959	0.0966982828994
chr22	21923144	21923145	rs140492	0.0601306951035
chr22	21924589	21924590	rs140495	NA
chr22	21925017	21925018	rs2256609	0.0966982828994
chr22	21927064	21927065	rs140498	0.0601306951035
chr22	21927231	21927232	rs140499	0.0601306951035
chr22	21928597	21928598	rs2266961	0.0966982828994
chr22	21928641	21928642	rs181359	NA
chr22	21928916	21928917	rs181360	0.0601306951035
chr22	21929566	21929567	rs181361	NA
chr22	21930093	21930094	rs73166619	NA
chr22	21930777	21930778	rs5754166	NA
chr22	21932068	21932069	rs181362	0.0601306951035
chr22	21932264	21932265	rs181363	0.0601306951035
chr22	21932653	21932654	rs34977459	NA
chr22	21933428	21933429	rs5754177	NA
chr22	21933780	21933781	rs181366	0.0601306951035
chr22	21936152	21936153	rs66534072	NA
chr22	21938224	21938225	rs5749485	NA
chr22	21938590	21938591	rs5998576	NA
chr22	21938863	21938864	rs73166622	NA
chr22	21939675	21939676	rs5754217	0.0601306951035
chr22	21939687	21939688	rs5749493	NA
chr22	21940310	21940311	rs5749495	NA
chr22	21941164	21941165	rs34463645	NA
chr22	21941915	21941916	rs12484550	0.0966982828994
chr22	21941981	21941982	rs5998599	0.0966982828994
chr22	21942007	21942008	rs9621715	0.0966982828994
chr22	21942978	21942979	rs5754234	NA
chr22	21943664	21943665	rs5754238	NA
chr22	21943938	21943939	rs1034329	NA
chr22	21944478	21944479	rs2283789	0.0601306951035
chr22	21945096	21945097	rs5749502	0.0966982828994
chr22	21945851	21945852	rs5998619	0.0966982828994
chr22	21945978	21945979	rs73166630	NA
chr22	21946173	21946174	rs73166632	0.0601306951035
chr22	21947467	21947468	rs2266963	0.0966982828994
chr22	21949411	21949412	rs2070512	0.0601306951035
chr22	21950405	21950406	rs4821104	NA
chr22	21951740	21951741	rs5754295	NA
chr22	21953139	21953140	rs58077207	NA
chr22	21953276	21953277	rs5994638	NA
chr22	21953288	21953289	rs5998644	NA
chr22	21956653	21956654	rs2283790	0.0601306951035
chr22	21957992	21957993	rs5754323	NA
chr22	21958304	21958305	rs2266964	NA
chr22	21958872	21958873	rs11089629	0.0601306951035
chr22	21959038	21959039	rs4821108	0.0601306951035
chr22	21963786	21963787	rs5754344	NA
chr22	21964761	21964762	rs4821112	0.0601306951035
chr22	21964951	21964952	rs5754352	0.0601306951035
chr22	21966442	21966443	rs5998672	0.0601306951035
chr22	21966833	21966834	rs12169001	NA
chr22	21968221	21968222	rs738127	0.0601306951035
chr22	21969640	21969641	rs8137950	NA
chr22	21970810	21970811	rs4821114	NA
chr22	21971010	21971011	rs738128	NA
chr22	21971041	21971042	rs738129	0.0601306951035
chr22	21971632	21971633	rs8139079	NA
chr22	21972401	21972402	rs2876971	NA
chr22	21973319	21973320	rs4821116	0.0966982828994
chr22	21974703	21974704	rs5754387	NA
chr22	21976934	21976935	rs7444	0.0601306951035
chr22	21977047	21977048	rs7445	0.0601306951035
chr22	21979289	21979290	rs4821124	0.0966982828994
chr22	21979584	21979585	rs12158299	0.0601306951035
chr22	21979938	21979939	rs9619386	NA
chr22	21980257	21980258	rs5754422	NA
chr22	21980393	21980394	rs67163745	NA
chr22	21980638	21980639	rs5754426	NA
chr22	21980894	21980895	rs4821130	0.0993962392538
chr22	21982054	21982055	rs1811069	NA
chr22	21982249	21982250	rs878825	0.0601306951035
chr22	21982892	21982893	rs2298428	0.0966982828994
chr22	21983260	21983261	rs2298429	0.0601306951035
chr3	33036218	33036219	rs7631407	NA
chr3	33037721	33037722	rs4678523	0.240182596769
chr3	33037752	33037753	rs4678524	0.0762416957256
chr3	46187707	46187708	rs4683184	0.154763149882
chr3	46205686	46205687	rs7616215	0.154763149882
chr3	46208310	46208311	rs2087726	NA
chr3	46214670	46214671	rs2172247	NA
chr3	46342063	46342064	rs11356032	NA
chr3	46343534	46343535	rs9852052	NA
chr3	46345566	46345567	rs376376208	NA
chr3	46345611	46345612	rs11711054	0.0204749851953
chr3	46345787	46345788	rs7374654	0.0204749851953
chr3	46346271	46346272	rs7372094	0.0204749851953
chr3	46346640	46346641	rs6794300	0.0204749851953
chr3	46347492	46347493	rs59438878	NA
chr3	46349352	46349353	rs9813756	0.0204749851953
chr3	46349707	46349708	rs9875668	NA
chr3	46349711	46349712	rs9818053	NA
chr3	46349905	46349906	rs9856098	0.0204749851953
chr3	46350235	46350236	rs112673452	NA
chr3	46350358	46350359	rs11130089	0.0204749851953
chr3	46350367	46350368	rs10865940	0.0704485176092
chr3	46350725	46350726	rs7634816	NA
chr3	46351446	46351447	rs6767895	NA
chr3	46351762	46351763	rs11709846	NA
chr3	46352114	46352115	rs59404911	NA
chr3	46352384	46352385	rs6441961	0.0204749851953
chr3	46352759	46352760	rs6441962	0.0204749851953
chr3	46353028	46353029	rs6771900	0.0204749851953
chr3	46353870	46353871	rs6775208	0.0204749851953
chr3	46354839	46354840	rs6441963	0.02076443423
chr3	46354972	46354973	rs6441964	0.0204749851953
chr3	46355413	46355414	rs11360624	NA
chr3	46357030	46357031	rs4134396	NA
chr3	46357144	46357145	rs6785878	NA
chr3	46357560	46357561	rs6788723	0.0204749851953
chr3	46358904	46358905	rs2157059	NA
chr3	46360055	46360056	rs36030342	0.0204749851953
chr3	46360437	46360438	rs2213291	NA
chr3	46360607	46360608	rs2213292	NA
chr3	46361193	46361194	rs34148191	0.0204749851953
chr3	46362332	46362333	rs34193387	0.0204749851953
chr3	46362591	46362592	rs62244827	NA
chr3	46362724	46362725	rs62244828	NA
chr3	46363186	46363187	rs34505903	0.0204749851953
chr3	46363507	46363508	rs5848792	NA
chr3	46363910	46363911	rs7626249	0.0204749851953
chr3	46364401	46364402	rs35971655	0.0204749851953
chr3	46364608	46364609	rs35675823	0.0204749851953
chr3	46364676	46364677	rs963045	0.0204749851953
chr3	46366269	46366270	rs2157057	0.0204749851953
chr3	46367010	46367011	rs62244840	0.0204749851953
chr3	46367918	46367919	rs35053103	0.0204749851953
chr3	46368461	46368462	rs2888524	NA
chr3	46370115	46370116	rs62244846	NA
chr3	46372304	46372305	rs62244848	NA
chr3	46374436	46374437	rs35465430	NA
chr3	46378025	46378026	rs2097282	0.0204749851953
chr3	46387292	46387293	rs6785981	0.0704485176092
chr3	46388188	46388189	rs2097284	NA
chr3	46391390	46391391	rs6441972	0.0204749851953
chr3	46394419	46394420	rs3918358	0.0204749851953
chr3	46396938	46396939	rs3092963	NA
chr3	46399798	46399799	rs1799865	NA
chr3	46401032	46401033	rs3138042	0.0204749851953
chr3	46402627	46402628	rs762789	0.0467435166395
chr3	46483630	46483631	rs71327065	NA
chr3	46484283	46484284	rs6441991	NA
chr3	46486292	46486293	rs71327066	NA
chr3	46487737	46487738	rs35088929	NA
chr3	46488246	46488247	rs7633268	NA
chr3	46489859	46489860	rs371747559	NA
chr3	46493167	46493168	rs34927844	NA
chr3	46493855	46493856	rs34827868	NA
chr3	46495314	46495315	rs13064957	NA
chr3	46499403	46499404	rs5015750	NA
chr3	46500127	46500128	rs34003820	NA
chr3	46500458	46500459	rs4547741	NA
chr3	46503214	46503215	rs13070740	NA
chr3	46503906	46503907	rs34904359	NA
chr3	46504726	46504727	rs34445409	NA
chr3	46505315	46505316	rs36114837	NA
chr3	119115532	119115533	rs62266700	0.157053427786
chr3	119118461	119118462	rs62266701	NA
chr3	119118497	119118498	rs11715698	0.190462192286
chr3	119118796	119118797	rs11712165	0.190462192286
chr3	119119536	119119537	rs716650	NA
chr3	119120577	119120578	rs10511390	0.190462192286
chr3	119123278	119123279	rs61579022	0.190462192286
chr3	119126012	119126013	rs11718522	NA
chr3	159623559	159623560	rs1353248	0.15912568007
chr3	159630084	159630085	rs17809756	0.182677306405
chr3	159637678	159637679	rs76830965	0.182677306405
chr3	159647674	159647675	rs17753641	0.182677306405
chr3	159653622	159653623	rs9832199	0.108952115262
chr3	159656090	159656091	rs143060887	NA
chr3	159657157	159657158	rs4301051	0.108952115262
chr3	159658688	159658689	rs9290050	NA
chr3	159665050	159665051	rs17810546	0.182677306405
chr3	159665810	159665811	rs671046	0.108952115262
chr3	159674928	159674929	rs2561288	0.108952115262
chr3	159682591	159682592	rs524599	0.0496699187706
chr3	159683841	159683842	rs373281762	NA
chr3	159685800	159685801	rs7642216	NA
chr3	159686707	159686708	rs2914120	NA
chr3	159686866	159686867	rs1472460	NA
chr3	188080420	188080421	rs7628982	0.295586842379
chr3	188105056	188105057	rs9864529	0.186038250066
chr3	188115232	188115233	rs9834159	0.181098047715
chr3	188117079	188117080	rs6790260	0.181098047715
chr3	188117786	188117787	rs6444285	0.181098047715
chr3	188118225	188118226	rs4686483	0.181098047715
chr3	188118572	188118573	rs4686484	0.181098047715
chr3	188118877	188118878	rs6778720	0.181098047715
chr3	188119582	188119583	rs2030520	0.181098047715
chr3	188119901	188119902	rs2030519	0.181098047715
chr4	123030583	123030584	rs114237393	NA
chr4	123037530	123037531	rs62323879	NA
chr4	123038077	123038078	rs62323880	0.388200431086
chr4	123038295	123038296	rs62323881	NA
chr4	123041471	123041472	rs78560100	0.388200431086
chr4	123050910	123050911	rs62323884	NA
chr4	123051685	123051686	rs76629670	NA
chr4	123052186	123052187	rs77936947	NA
chr4	123054271	123054272	rs62323886	0.388200431086
chr4	123056932	123056933	rs62323887	0.388200431086
chr4	123057411	123057412	rs62323888	0.388200431086
chr4	123060210	123060211	rs62323889	NA
chr4	123060255	123060256	rs62323890	NA
chr4	123060541	123060542	rs62323891	NA
chr4	123061401	123061402	rs79402978	NA
chr4	123064582	123064583	rs75473603	NA
chr4	123065724	123065725	rs62323893	NA
chr4	123068398	123068399	rs7670673	0.388200431086
chr4	123068817	123068818	rs7696107	NA
chr4	123069200	123069201	rs62323894	0.388200431086
chr4	123069369	123069370	rs62323895	0.388200431086
chr4	123071608	123071609	rs7691220	0.388200431086
chr4	123075794	123075795	rs62323896	NA
chr4	123078212	123078213	rs143145953	NA
chr4	123079440	123079441	rs62323899	0.388200431086
chr4	123079595	123079596	rs62323900	0.388200431086
chr4	123079722	123079723	rs75485001	NA
chr4	123083272	123083273	rs62323902	0.388200431086
chr4	123085682	123085683	rs62323903	0.388200431086
chr4	123087303	123087304	rs76120566	NA
chr4	123087497	123087498	rs149961979	NA
chr4	123091049	123091050	rs62323926	0.388200431086
chr4	123091678	123091679	rs62323927	0.388200431086
chr4	123098839	123098840	rs62323929	0.388200431086
chr4	123102597	123102598	rs62323930	0.388200431086
chr4	123106222	123106223	rs62323931	0.388200431086
chr4	123108168	123108169	rs62323932	0.388200431086
chr4	123110152	123110153	rs62323933	0.388200431086
chr4	123111437	123111438	rs74971057	NA
chr4	123111869	123111870	rs62323934	0.388200431086
chr4	123115502	123115503	rs13151961	NA
chr4	123117729	123117730	rs62323936	0.388200431086
chr4	123117955	123117956	rs62323937	0.388200431086
chr4	123124149	123124150	rs62323939	0.388200431086
chr4	123124539	123124540	rs141427968	NA
chr4	123126654	123126655	rs34691599	NA
chr4	123128901	123128902	rs75034409	0.388200431086
chr4	123134158	123134159	rs7677168	0.388200431086
chr4	123138006	123138007	rs7667951	NA
chr4	123143358	123143359	rs62323943	0.388200431086
chr4	123149154	123149155	rs62323946	NA
chr4	123152938	123152939	rs35026134	NA
chr4	123163274	123163275	rs13140970	NA
chr4	123163562	123163563	rs62323948	NA
chr4	123169866	123169867	rs75906064	0.388200431086
chr4	123171318	123171319	rs13136827	NA
chr4	123172576	123172577	rs75448874	0.388200431086
chr4	123181402	123181403	rs62323952	NA
chr4	123182417	123182418	rs79814730	NA
chr4	123185663	123185664	rs77574900	0.388200431086
chr4	123186594	123186595	rs45499403	NA
chr4	123187054	123187055	rs62323954	NA
chr4	123189949	123189950	rs77552566	0.388200431086
chr4	123193246	123193247	rs45558836	0.388200431086
chr4	123195682	123195683	rs62323956	NA
chr4	123196582	123196583	rs62323957	0.388200431086
chr4	123203796	123203797	rs202203393	NA
chr4	123204603	123204604	rs148422758	NA
chr4	123209359	123209360	rs62323958	NA
chr4	123212035	123212036	rs138148985	NA
chr4	123214835	123214836	rs45513095	NA
chr4	123214980	123214981	rs45530034	0.388200431086
chr4	123218313	123218314	rs13119723	NA
chr4	123219413	123219414	rs145220580	NA
chr4	123220151	123220152	rs62321680	0.388200431086
chr4	123221565	123221566	rs62321681	0.388200431086
chr4	123223132	123223133	rs62321683	NA
chr4	123241735	123241736	rs62321686	NA
chr4	123246027	123246028	rs144165098	NA
chr4	123248762	123248763	rs75198077	0.543057966421
chr4	123250384	123250385	rs10027161	0.543057966421
chr4	123250653	123250654	rs62321687	0.543057966421
chr4	123251028	123251029	rs62321688	NA
chr4	123257931	123257932	rs62321691	NA
chr4	123261530	123261531	rs62321692	0.543057966421
chr4	123261648	123261649	rs62321693	0.543057966421
chr4	123262473	123262474	rs62321694	NA
chr4	123266792	123266793	rs7678898	0.543057966421
chr4	123269504	123269505	rs62321695	0.543057966421
chr4	123271560	123271561	rs7686937	0.543057966421
chr4	123271595	123271596	rs7664905	0.543057966421
chr4	123273766	123273767	rs13122573	NA
chr4	123276961	123276962	rs62321696	0.543057966421
chr4	123277226	123277227	rs34791626	NA
chr4	123279515	123279516	rs62321697	0.543057966421
chr4	123280703	123280704	rs62321698	0.543057966421
chr4	123282754	123282755	rs7677941	0.543057966421
chr4	123282772	123282773	rs7678445	0.543057966421
chr4	123283993	123283994	rs34135604	NA
chr4	123284623	123284624	rs11371903	NA
chr4	123288777	123288778	rs144585202	NA
chr4	123289204	123289205	rs146670613	NA
chr4	123291851	123291852	rs62321700	NA
chr4	123293508	123293509	rs13139130	NA
chr4	123294947	123294948	rs62321701	0.543057966421
chr4	123302986	123302987	rs79645730	NA
chr4	123304627	123304628	rs79842121	NA
chr4	123304892	123304893	rs62321702	0.543057966421
chr4	123305599	123305600	rs62321703	0.543057966421
chr4	123306588	123306589	rs62321705	NA
chr4	123307008	123307009	rs112160914	NA
chr4	123312352	123312353	rs2127512	NA
chr4	123314166	123314167	rs2170083	NA
chr4	123315699	123315700	rs6834379	0.543057966421
chr4	123321345	123321346	rs62321743	NA
chr4	123324618	123324619	rs62321744	NA
chr4	123325760	123325761	rs62321745	NA
chr4	123326486	123326487	rs62321746	0.543057966421
chr4	123337046	123337047	rs62321749	0.543057966421
chr4	123337214	123337215	rs62321750	0.543057966421
chr4	123338128	123338129	rs62321751	0.543057966421
chr4	123338193	123338194	rs62321752	0.543057966421
chr4	123339340	123339341	rs45627241	0.543057966421
chr4	123339626	123339627	rs45501297	NA
chr4	123339756	123339757	rs34566917	NA
chr4	123342324	123342325	rs1383044	0.543057966421
chr4	123344398	123344399	rs77943279	0.543057966421
chr4	123344559	123344560	rs62321756	0.543057966421
chr4	123344678	123344679	rs62321757	0.543057966421
chr4	123355848	123355849	rs62321758	0.543057966421
chr4	123358901	123358902	rs45506692	NA
chr4	123358961	123358962	rs35439287	NA
chr4	123359124	123359125	rs45524132	NA
chr4	123359569	123359570	rs62322662	0.479988498784
chr4	123362326	123362327	rs137967223	NA
chr4	123367889	123367890	rs56293330	0.543057966421
chr4	123367997	123367998	rs55909629	NA
chr4	123369598	123369599	rs7696011	NA
chr4	123370673	123370674	rs56067118	0.543057966421
chr4	123371292	123371293	rs11575810	0.543057966421
chr4	123373897	123373898	rs2069779	0.543057966421
chr4	123376135	123376136	rs2069778	NA
chr4	123376437	123376438	rs2069777	0.543057966421
chr4	123381072	123381073	rs45582533	NA
chr4	123381707	123381708	rs56405981	NA
chr4	123381900	123381901	rs62322672	NA
chr4	123382743	123382744	rs139911304	NA
chr4	123384586	123384587	rs56292718	NA
chr4	123385223	123385224	rs114208728	NA
chr4	123387023	123387024	rs55954733	NA
chr4	123387087	123387088	rs56343854	NA
chr4	123389135	123389136	rs45567637	0.543057966421
chr4	123395936	123395937	rs45479793	0.543057966421
chr4	123396876	123396877	rs45522533	0.543057966421
chr4	123399373	123399374	rs6828259	NA
chr4	123399424	123399425	rs151217479	NA
chr4	123399491	123399492	rs45475795	0.543057966421
chr4	123413203	123413204	rs11315355	NA
chr4	123414925	123414926	rs151243234	NA
chr4	123417106	123417107	rs142930450	NA
chr4	123417494	123417495	rs144756851	NA
chr4	123417672	123417673	rs181890268	NA
chr4	123418270	123418271	rs142805232	NA
chr4	123420216	123420217	rs199956858	NA
chr4	123420485	123420486	rs79247207	NA
chr4	123422791	123422792	rs62322713	0.543057966421
chr4	123424934	123424935	rs62322715	0.543057966421
chr4	123425172	123425173	rs62322716	0.543057966421
chr4	123425511	123425512	rs62322717	0.543057966421
chr4	123429138	123429139	rs79212788	0.543057966421
chr4	123430407	123430408	rs45562433	0.543057966421
chr4	123431999	123432000	rs79552152	0.543057966421
chr4	123435565	123435566	rs62322720	0.543057966421
chr4	123435861	123435862	rs62322722	0.543057966421
chr4	123438074	123438075	rs62322723	0.543057966421
chr4	123440269	123440270	rs62322724	NA
chr4	123440494	123440495	rs45591939	NA
chr4	123440994	123440995	rs143581213	NA
chr4	123442912	123442913	rs62322727	NA
chr4	123443984	123443985	rs45472292	NA
chr4	123445122	123445123	rs62322742	NA
chr4	123446626	123446627	rs45483107	NA
chr4	123446963	123446964	rs45522038	0.543057966421
chr4	123450929	123450930	rs62322744	NA
chr4	123452599	123452600	rs62322746	NA
chr4	123452608	123452609	rs143587032	NA
chr4	123453581	123453582	rs79754722	NA
chr4	123454110	123454111	rs150254607	NA
chr4	123462760	123462761	rs62322748	0.543057966421
chr4	123464169	123464170	rs62322750	0.543057966421
chr4	123473845	123473846	rs79944416	NA
chr4	123475924	123475925	rs45615838	NA
chr4	123476742	123476743	rs62322753	0.543057966421
chr4	123479127	123479128	rs139783571	NA
chr4	123481826	123481827	rs185533402	NA
chr4	123481875	123481876	rs141414591	NA
chr4	123482065	123482066	rs62322754	NA
chr4	123483416	123483417	rs75202488	0.543057966421
chr4	123488113	123488114	rs114082462	NA
chr4	123489031	123489032	rs62322757	NA
chr4	123492308	123492309	rs142455143	NA
chr4	123492505	123492506	rs76241432	NA
chr4	123494381	123494382	rs144486808	NA
chr4	123495315	123495316	rs140430576	NA
chr4	123498293	123498294	rs45437792	0.543057966421
chr4	123499745	123499746	rs13140464	NA
chr4	123500478	123500479	rs62324162	0.543057966421
chr4	123503540	123503541	rs45483095	0.543057966421
chr4	123503591	123503592	rs45619536	0.543057966421
chr4	123504864	123504865	rs62324166	0.543057966421
chr4	123507715	123507716	rs62324167	0.543057966421
chr4	123508611	123508612	rs74388271	0.543057966421
chr4	123509421	123509422	rs6822844	NA
chr4	123512132	123512133	rs6842843	0.543057966421
chr4	123519601	123519602	rs62324169	0.543057966421
chr4	123520646	123520647	rs74985076	0.543057966421
chr4	123521851	123521852	rs62324170	0.543057966421
chr4	123523832	123523833	rs62324191	0.543057966421
chr4	123524257	123524258	rs62324192	0.543057966421
chr4	123524632	123524633	rs62324193	NA
chr4	123524666	123524667	rs62324194	NA
chr4	123526068	123526069	rs78541112	0.543057966421
chr4	123529392	123529393	rs62324195	0.543057966421
chr4	123530977	123530978	rs62324196	0.543057966421
chr4	123532202	123532203	rs62324197	0.543057966421
chr4	123532319	123532320	rs45589038	0.543057966421
chr4	123533142	123533143	rs13129806	NA
chr4	123533820	123533821	rs17886348	0.543057966421
chr4	123533834	123533835	rs17879298	0.543057966421
chr4	123535124	123535125	rs45532838	NA
chr4	123539854	123539855	rs13137072	NA
chr4	123551114	123551115	rs13132308	NA
chr4	123551368	123551369	rs35746824	NA
chr6	396321	396322	rs12203592	NA
chr6	408079	408080	rs1050976	0.293506399999
chr6	409119	409120	rs9391997	0.293506399999
chr6	410417	410418	rs1050979	0.293506399999
chr6	411064	411065	rs872071	NA
chr6	412802	412803	rs9392504	0.334111548123
chr6	90809560	90809561	rs10539561	NA
chr6	90809639	90809640	rs7753008	0.0664805501657
chr6	90814199	90814200	rs6454802	0.0664805501657
chr6	90815190	90815191	rs12202119	0.0664805501657
chr6	90818299	90818300	rs369393832	NA
chr6	90818874	90818875	rs62408204	0.0664805501657
chr6	90819153	90819154	rs11753332	0.0664805501657
chr6	90823159	90823160	rs12194007	NA
chr6	90825136	90825137	rs114259595	NA
chr6	90825905	90825906	rs11754356	NA
chr6	90826272	90826273	rs72925947	NA
chr6	128266250	128266251	rs6939352	NA
chr6	128270067	128270068	rs9491889	NA
chr6	128270123	128270124	rs9491890	NA
chr6	128277151	128277152	rs9491891	NA
chr6	128277275	128277276	rs147626184	NA
chr6	128278233	128278234	rs118097399	NA
chr6	128280358	128280359	rs9491892	NA
chr6	128280375	128280376	rs9482848	NA
chr6	128280931	128280932	rs9491893	NA
chr6	128286301	128286302	rs113297984	NA
chr6	128286386	128286387	rs72973797	NA
chr6	128287158	128287159	rs72973800	NA
chr6	128287313	128287314	rs813915	0.188685608158
chr6	128287848	128287849	rs761332	NA
chr6	128288536	128288537	rs9482849	NA
chr6	128289214	128289215	rs12111314	NA
chr6	128291199	128291200	rs3190930	0.188685608158
chr6	128291649	128291650	rs41285280	0.188685608158
chr6	128291681	128291682	rs11753289	NA
chr6	128293506	128293507	rs9482850	NA
chr6	128293562	128293563	rs55743914	0.188685608158
chr6	128293634	128293635	rs9482851	NA
chr6	128293932	128293933	rs72975913	NA
chr6	128293994	128293995	rs142476876	NA
chr6	128294055	128294056	rs72975916	NA
chr6	128295502	128295503	rs7738609	NA
chr6	137959235	137959236	rs6933404	NA
chr6	137964697	137964698	rs62432712	NA
chr6	137973068	137973069	rs2327832	0.218699006031
chr6	137973832	137973833	rs928722	NA
chr6	137974104	137974105	rs75783118	NA
chr6	137978386	137978387	rs1878658	NA
chr6	137981584	137981585	rs1002658	NA
chr6	138002061	138002062	rs77027760	NA
chr6	138002175	138002176	rs6927172	0.072446072147
chr6	138003822	138003823	rs11757201	NA
chr6	138004508	138004509	rs142761146	NA
chr6	138005515	138005516	rs17264332	0.072446072147
chr6	138006504	138006505	rs6920220	0.072446072147
chr6	159465977	159465978	rs1738074	0.197519908826
chr6	159468463	159468464	rs5881307	NA
chr6	159468565	159468566	rs212411	0.0870148724937
chr6	159469252	159469253	rs212410	0.0870148724937
chr6	159469574	159469575	rs182429	0.197519908826
chr6	159470058	159470059	rs212409	0.197519908826
chr6	159498267	159498268	rs1107943	NA
chr6	159506282	159506283	rs144127122	NA
chr7	37382465	37382466	rs60600003	0.472620038159
chr7	37400469	37400470	rs16879645	0.472620038159
chr7	37402490	37402491	rs111796602	0.472620038159
chr7	37402650	37402651	rs76986765	0.472620038159
chr7	37403192	37403193	rs77801025	0.472620038159
chr7	37403647	37403648	rs77972791	0.472620038159
chr7	37404455	37404456	rs78833161	0.472620038159
chr7	37404708	37404709	rs77712788	0.472620038159
chr7	37404798	37404799	rs75993298	0.472620038159
chr7	37404978	37404979	rs77778931	0.472620038159
chr7	37405110	37405111	rs77329151	0.472620038159
chr7	37405228	37405229	rs74382971	0.472620038159
chr7	37405380	37405381	rs111668562	0.472620038159
chr7	37405477	37405478	rs80057400	0.472620038159
chr7	37405746	37405747	rs77896242	0.472620038159
chr7	37406369	37406370	rs75758836	NA
chr7	37406370	37406371	rs77615103	NA
chr7	37406443	37406444	rs80067358	NA
chr7	37406600	37406601	rs78260899	0.472620038159
chr7	37406615	37406616	rs113659298	NA
chr7	37406676	37406677	rs113358832	NA
chr7	37406679	37406680	rs80248977	0.472620038159
chr7	37406855	37406856	rs79623126	NA
chr7	37407034	37407035	rs74418524	0.472620038159
chr7	37407122	37407123	rs76872754	0.472620038159
chr7	37407510	37407511	rs76050072	0.472620038159
chr7	37407555	37407556	rs77300190	0.472620038159
chr7	37407606	37407607	rs74416810	0.472620038159
chr7	37407849	37407850	rs112919320	NA
chr7	37408401	37408402	rs77523594	0.472620038159
chr7	37408654	37408655	rs74988433	0.472620038159
chr7	37408769	37408770	rs77200985	0.472620038159
chr7	37408774	37408775	rs78369415	NA
chr7	37409939	37409940	rs202157095	NA
chr7	37412964	37412965	rs112999567	NA
chr7	37418454	37418455	rs79758729	0.472620038159
chr7	37421401	37421402	rs77230927	NA
chr7	37421584	37421585	rs74611185	NA
chr7	37423412	37423413	rs137868643	NA
chr7	37423642	37423643	rs112698206	NA
chr7	37427289	37427290	rs74830391	0.472620038159
chr7	37427351	37427352	rs75351767	0.472620038159
chr7	37431317	37431318	rs75630613	0.472620038159
chr7	37431559	37431560	rs10230459	0.472620038159
chr7	37432730	37432731	rs10264094	NA
chr7	37433537	37433538	rs10238927	0.472620038159
chr7	37434200	37434201	rs28482033	0.472620038159
chr7	37434831	37434832	rs13438007	NA
chr7	37436695	37436696	rs74483807	NA
chr7	37436854	37436855	rs11984075	NA
chr7	37437617	37437618	rs113949610	0.472620038159
chr8	129264060	129264061	rs10808568	0.362726845982
chr8	129264589	129264590	rs9792269	0.362726845982
chr8	129265325	129265326	rs11785587	NA
chr8	129266948	129266949	rs2178885	0.362726845982
chr8	129268583	129268584	rs9792159	NA
chr8	129274901	129274902	rs77357144	NA
chr8	129275838	129275839	rs10956417	NA
chr8	129276706	129276707	rs11777498	0.362726845982
chrX	153218365	153218366	rs3027878	NA
chrX	153218920	153218921	rs762653	NA
chrX	153222835	153222836	rs2071134	NA
chrX	153248248	153248249	rs13397	NA
chrX	153284192	153284193	rs1059702	NA
chrX	153297392	153297393	rs2075596	NA
chrX	153298874	153298875	rs3027933	NA
chrX	153301467	153301468	rs5987194	NA
chrX	153325446	153325447	rs1734787	NA
chrX	153326464	153326465	rs1616369	NA
chrX	153330920	153330921	rs1734791	NA
chrX	153335511	153335512	rs199553914	NA
chrX	153341060	153341061	rs1734792	NA
chrX	153366814	153366815	rs5987206	NA
chrX	153372505	153372506	rs5986957	NA
chrX	153378375	153378376	rs5987212	NA
